﻿ObjectID,GlobalID,Date:,Start time:,Point:,Count:,Rain:,Notes:,Pearly-eyed Thrasher,Bananaquit,Forest Thrush,Scaly-breasted Thrasher,Scaly-naped Pigeon,Antillean Crested Hummingbird,Zenaida Dove,Montserrat Oriole,Purple-throated Carib,Mangrove Cuckoo,Bridled Quail-dove,Caribbean Elaenia,Brown Trembler,Black-whiskered Vireo,Lesser Antillean Bullfinch,Common Ground-dove,Green-throated Carib,Black-faced Grassquit,American Kestrel,Yellow Warbler,Green-back Heron,Smooth-billed Ani,Gray Kingbird,Species Unknown,Caribbean Martin,Cape May Warbler,Prothonotary Warbler,Antillean Euphonia,Carib Grackle,Belted Kingfisher,Purple Gallinule,American Redstart,Eurasian Collared Dove,Louisiana Waterthrush,Northern Parula,White-wing Dove,Cattle Egret,Black and White Warbler,Hooded Warbler,Common Gallinule,Peregrine Falcon,Merlin,Yellow-throated Vireo,Wind:,Observer name(s):,Other observer(s):,CreationDate,Creator,EditDate,Editor,x,y
1,13913f80-0ee7-4194-bcee-02d474f2f810,4/25/2019 4:00:00 AM,09:56,219,1,0,,2,,,,,,2,,,1,,,,,,,,,,,,,,,,,,,,,,,,,,,,,,,,,,calm,"AP,CF,LM,TW",,7/13/2023 12:30:54 PM,Colin.Campbell@rspb.org.uk_RSPBEU,7/13/2023 12:30:54 PM,Colin.Campbell@rspb.org.uk_RSPBEU,-62.18469635,16.78086435
2,863b99a3-9bcf-4838-a19a-bdc8275c4a9c,4/25/2019 4:00:00 AM,09:39,218,1,0,,2,1,,1,,1,2,,,,,1,,1,,,,,,,,,,,,,,,,,,,,,,,,,,,,,,light,"AP,CF,TW,LM",,7/13/2023 12:30:54 PM,Colin.Campbell@rspb.org.uk_RSPBEU,7/13/2023 12:30:54 PM,Colin.Campbell@rspb.org.uk_RSPBEU,-62.18539162,16.7819183
3,fad96fad-4d93-480a-841e-7038bcb79d18,4/25/2019 4:00:00 AM,09:23,217,1,0,,2,2,,1,,,1,,,,,,,,,,,,,,,,,,,,,,,,,,,,,,,,,,,,,calm,"AP,CF,LM,TW",,7/13/2023 12:30:54 PM,Colin.Campbell@rspb.org.uk_RSPBEU,7/13/2023 12:30:54 PM,Colin.Campbell@rspb.org.uk_RSPBEU,-62.18461289,16.78309334
4,8b3ce4a1-4c02-4a94-bf83-96a04a122ad3,4/25/2019 4:00:00 AM,09:06,216,1,0,,2,1,1,,,,2,,,,,,,1,1,,,,,,,,,,,,,,,,,,,,,,,,,,,,,light,"AP,CF,LM,TW",,7/13/2023 12:30:54 PM,Colin.Campbell@rspb.org.uk_RSPBEU,7/13/2023 12:30:54 PM,Colin.Campbell@rspb.org.uk_RSPBEU,-62.18344216,16.78403765
5,be910da4-97e9-4297-9a5e-40b3a75b8477,4/25/2019 4:00:00 AM,08:49,215,1,0,,2,2,,1,,,,,,1,,,,3,,,,,,,,,,,,,,,,,,,,,,,,,,,,,,light,"AP,CF,TW,LM",,7/13/2023 12:30:54 PM,Colin.Campbell@rspb.org.uk_RSPBEU,7/13/2023 12:30:54 PM,Colin.Campbell@rspb.org.uk_RSPBEU,-62.18351457,16.78534605
6,30c2d638-da24-45e6-8ba9-44838a12f546,4/25/2019 4:00:00 AM,08:08,214,1,0,,2,2,,,2,1,,,,,,,,,,2,,,,,,,,,,,,,,,,,,,,,,,,,,,,calm,"AP,CF,LM,TW",,7/13/2023 12:30:54 PM,Colin.Campbell@rspb.org.uk_RSPBEU,7/13/2023 12:30:54 PM,Colin.Campbell@rspb.org.uk_RSPBEU,-62.17931167,16.77475826
7,af26d7e0-b9b6-4696-bfb4-89282164b9ac,4/25/2019 4:00:00 AM,07:50,213,1,0,,3,1,1,2,1,3,2,,,,,,,,1,1,,1,,,,,,,,,,,,,,,,,,,,,,,,,,calm,"LM,AP,CF,TW",,7/13/2023 12:30:54 PM,Colin.Campbell@rspb.org.uk_RSPBEU,7/13/2023 12:30:54 PM,Colin.Campbell@rspb.org.uk_RSPBEU,-62.18008873,16.77523213
8,6e73bf78-8263-40cc-b524-ea37942eaeb7,4/25/2019 4:00:00 AM,07:29,212,1,0,,2,,2,2,2,1,1,,,,,,,,,,,,,,,,,,,,,,,,,,,,,,,,,,,,,calm,"AP,CF,TW,LM",,7/13/2023 12:30:54 PM,Colin.Campbell@rspb.org.uk_RSPBEU,7/13/2023 12:30:54 PM,Colin.Campbell@rspb.org.uk_RSPBEU,-62.18006256,16.77664488
9,d2adbb2d-8fa2-4627-a7cb-ded65124de66,4/25/2019 4:00:00 AM,07:10,211,1,0,,3,2,,1,,1,2,,,,,,,1,,,,,,,,,,,,,,,,,,,,,,,,,,,,,,calm,"AP,CF,LM,TW",,7/13/2023 12:30:54 PM,Colin.Campbell@rspb.org.uk_RSPBEU,7/13/2023 12:30:54 PM,Colin.Campbell@rspb.org.uk_RSPBEU,-62.17882155,16.77762888
10,a1ca7b40-ca81-42c7-916e-9e6d29977597,4/25/2019 4:00:00 AM,06:52,210,1,0,,3,1,,2,,2,3,,,,,,,1,1,1,1,,,,,,,,,,,,,,,,,,,,,,,,,,,calm,"AP,CF,LM,TW",,7/13/2023 12:30:54 PM,Colin.Campbell@rspb.org.uk_RSPBEU,7/13/2023 12:30:54 PM,Colin.Campbell@rspb.org.uk_RSPBEU,-62.17754797,16.7779919
11,87c3330b-7c0b-4da7-8f3f-be8498259598,4/26/2019 4:00:00 AM,08:11,235,1,0,,,3,1,,,,1,,,1,,3,,1,1,,,,,,,,,,,,,,,,,,,,,,,,,,,,,light,"AP,CF,TW",,7/13/2023 12:30:54 PM,Colin.Campbell@rspb.org.uk_RSPBEU,7/13/2023 12:30:54 PM,Colin.Campbell@rspb.org.uk_RSPBEU,-62.190385,16.812125
12,501e35df-0868-4aee-9c37-64af0ee264fe,4/26/2019 4:00:00 AM,07:47,236,1,0,,1,,,1,,,,,,,,1,,1,,,,,,,,,,,,,,,,,,,,,,,,,,,,,,light,"AP,CF,TW",,7/13/2023 12:30:54 PM,Colin.Campbell@rspb.org.uk_RSPBEU,7/13/2023 12:30:54 PM,Colin.Campbell@rspb.org.uk_RSPBEU,-62.1907433333333,16.8130116666667
13,c0afa4e4-2be2-478c-b863-73ac116ce081,4/26/2019 4:00:00 AM,07:28,237,1,0,,,2,,,,,2,,,2,,,,1,,1,,,,,,,,,,,,,,,,,,,,,,,,,,,,light,"AP,CF,TW",,7/13/2023 12:30:54 PM,Colin.Campbell@rspb.org.uk_RSPBEU,7/13/2023 12:30:54 PM,Colin.Campbell@rspb.org.uk_RSPBEU,-62.1899733333333,16.8135566666667
14,f5e80288-a582-49a0-91cd-74eff38c5a26,4/26/2019 4:00:00 AM,07:07,238,1,2,,2,,,,,1,,,,,,,,,,,,,,,,,,,,,,,,,,,,,,,,,,,,,,light,"AP,CF,TW",,7/13/2023 12:30:54 PM,Colin.Campbell@rspb.org.uk_RSPBEU,7/13/2023 12:30:54 PM,Colin.Campbell@rspb.org.uk_RSPBEU,-62.2031635467832,16.754177828568
15,f45a1aaa-ce1a-47d6-8cea-b2afaa27b2ca,4/29/2019 4:00:00 AM,06:48,232,1,0,,2,2,,1,1,1,2,,,1,,1,,2,1,3,,,,,,,,,,,,,,,,,,,,,,,,,,,,calm,"AP,CF",,7/13/2023 12:30:54 PM,Colin.Campbell@rspb.org.uk_RSPBEU,7/13/2023 12:30:54 PM,Colin.Campbell@rspb.org.uk_RSPBEU,-62.18931984,16.79301365
16,5db57ef8-624f-4932-a8a2-75ede97c5c78,4/29/2019 4:00:00 AM,06:31,233,1,0,,1,3,,,1,1,3,,,1,,2,,2,1,2,,,2,,,,,,,,,,,,,,1,,,,,,,,,,,calm,"AP,CF",,7/13/2023 12:30:54 PM,Colin.Campbell@rspb.org.uk_RSPBEU,7/13/2023 12:30:54 PM,Colin.Campbell@rspb.org.uk_RSPBEU,-62.18942779,16.7915928
17,75159ab1-edff-44f4-8d89-cde63d3fbd30,4/29/2019 4:00:00 AM,06:15,234,1,,,4,,,1,,1,1,,,1,,1,,2,,2,1,,,,1,,,,,,,,,,,,,,,,,,,,,,,calm,"AP,CF",,7/13/2023 12:30:54 PM,Colin.Campbell@rspb.org.uk_RSPBEU,7/13/2023 12:30:54 PM,Colin.Campbell@rspb.org.uk_RSPBEU,-62.18966112,16.7902956
18,0ea5169d-74d0-4feb-a33d-25e0bf315272,4/29/2019 4:00:00 AM,07:47,229,1,0,,,3,,2,2,,2,,,,,,,2,,3,,2,,3,,1,1,,,,,,,,,,,,,,,,,,,,,light,"AP,CF",,7/13/2023 12:30:54 PM,Colin.Campbell@rspb.org.uk_RSPBEU,7/13/2023 12:30:54 PM,Colin.Campbell@rspb.org.uk_RSPBEU,-62.18625335,16.79892244
19,ed2047ef-7d31-4a04-9aee-4708bbdf5abe,4/29/2019 4:00:00 AM,07:21,230,1,0,,3,2,,,2,,2,,,,,1,,1,,1,,2,,,,,,,,,,,,,,,,,,,,,,,,,,light,"AP,CF",,7/13/2023 12:30:54 PM,Colin.Campbell@rspb.org.uk_RSPBEU,7/13/2023 12:30:54 PM,Colin.Campbell@rspb.org.uk_RSPBEU,-62.19006747,16.79563537
20,2565c15a-476f-4d00-a19e-8830272a158b,4/29/2019 4:00:00 AM,07:04,231,1,0,,3,1,2,1,,,4,,,1,,,,2,1,2,,,,,,,,,,,,,,,,,,,,,,,,,,,,calm,"AP,CF",,7/13/2023 12:30:54 PM,Colin.Campbell@rspb.org.uk_RSPBEU,7/13/2023 12:30:54 PM,Colin.Campbell@rspb.org.uk_RSPBEU,-62.18950818,16.7929638
21,d7ce98bc-a148-4c64-9dc9-8f7fffae3e05,4/29/2019 5:00:00 AM,09:48,209,1,,,,2,,2,,1,2,,1,2,1,,,1,1,,,,,,,,,,,,,,,,,,,,,,,,,,,,,light,"JB,SH",,7/13/2023 12:30:54 PM,Colin.Campbell@rspb.org.uk_RSPBEU,7/13/2023 12:30:54 PM,Colin.Campbell@rspb.org.uk_RSPBEU,-62.2118809260428,16.7834570026025
22,12d9386b-31c8-4a61-b589-67c93208e52d,4/29/2019 5:00:00 AM,09:29,208,1,,Solider ghaut ,4,3,,2,1,,2,,,2,,,,,1,,,,2,,,,,,,,,,,,,,,,,,,,,,,,,moderate,"JB,SH",,7/13/2023 12:30:54 PM,Colin.Campbell@rspb.org.uk_RSPBEU,7/13/2023 12:30:54 PM,Colin.Campbell@rspb.org.uk_RSPBEU,-62.2126792185009,16.783102825284
23,57743c3c-cafc-4db3-8bb8-0d03a9e88b48,4/29/2019 5:00:00 AM,09:09,207,1,,Solider ghaut ,5,2,1,3,2,1,4,,1,,,,,3,1,,,,,,,,,,,,,,,,,,,,,,,,,,,,,moderate,"SH,JB",,7/13/2023 12:30:54 PM,Colin.Campbell@rspb.org.uk_RSPBEU,7/13/2023 12:30:54 PM,Colin.Campbell@rspb.org.uk_RSPBEU,-62.2125428449363,16.7849455028772
24,eabcc89c-0032-4d1b-98a1-9a8a64940c65,4/29/2019 5:00:00 AM,08:51,206,1,,Solider ghaut ,4,2,,1,,1,2,,,,,,,,,,,,,1,,,1,,,,,,,,,,,,,,,,,,,,,light,"SH,JB",,7/13/2023 12:30:54 PM,Colin.Campbell@rspb.org.uk_RSPBEU,7/13/2023 12:30:54 PM,Colin.Campbell@rspb.org.uk_RSPBEU,-62.2139100171626,16.7855193698779
25,8449151b-607c-4831-892f-19598950decf,4/29/2019 5:00:00 AM,08:30,205,1,,There no locations for dry forest survey  (Solider ghaut),3,2,,2,1,,5,,,,,1,,,,,,,,1,,,,,,,,,,,,,,,,,,,,,,,,light,"JB,SH",,7/13/2023 12:30:54 PM,Colin.Campbell@rspb.org.uk_RSPBEU,7/13/2023 12:30:54 PM,Colin.Campbell@rspb.org.uk_RSPBEU,-62.2148252371699,16.7867737216875
26,7132f39f-621f-44a0-9170-551f7300f81b,4/29/2019 5:00:00 AM,06:47,201,1,,Olveston runaway circle,6,2,,1,3,1,4,,,,,,,1,,,,1,,,,,,,,,,,,,,,,,,,,,,,,,,light,"SH,JB",,7/13/2023 12:30:54 PM,Colin.Campbell@rspb.org.uk_RSPBEU,7/13/2023 12:30:54 PM,Colin.Campbell@rspb.org.uk_RSPBEU,-62.2241962887347,16.7592658661306
27,16b326cc-365f-4bda-aec9-6e352f1ab9d0,4/29/2019 5:00:00 AM,07:24,206,1,,Olveston runaway circle ,3,2,1,1,1,2,4,,,,,,,,3,,,2,1,,,,,,2,,,,,,,,,,,,,,,,,,,light,"JB,SH",,7/13/2023 12:30:54 PM,Colin.Campbell@rspb.org.uk_RSPBEU,7/13/2023 12:30:54 PM,Colin.Campbell@rspb.org.uk_RSPBEU,-62.2242091130465,16.7593076499179
28,1026c722-2637-4d67-afef-1f0b51e68549,4/29/2019 5:00:00 AM,07:06,202,1,,Olveston runaway circle,2,2,,4,4,2,3,,,,,,,2,,,,2,,2,,,,,,,,,,,,,,,,,,,,,,,,light,"JB,SH",,7/13/2023 12:30:54 PM,Colin.Campbell@rspb.org.uk_RSPBEU,7/13/2023 12:30:54 PM,Colin.Campbell@rspb.org.uk_RSPBEU,-62.2242091130465,16.7593076499179
29,93390244-5402-47aa-841b-8adb29160f71,4/29/2019 5:00:00 AM,07:42,104,1,,,4,1,,1,1,1,4,,,,,,,1,,,,,,,,,,,,,,,,,,,,,,,,,,,,,,moderate,"JB,SH",,7/13/2023 12:30:54 PM,Colin.Campbell@rspb.org.uk_RSPBEU,7/13/2023 12:30:54 PM,Colin.Campbell@rspb.org.uk_RSPBEU,-62.2242048382759,16.7593121342361
30,f5244144-ff59-4941-a6c4-70f48cc85b26,4/30/2019 4:00:00 AM,07:14,228,1,0,,5,3,1,3,2,,3,,,,,,,,,1,,,,,,,,,,,,,,,,,,,,,,,,,,,,light,"CF,TW",,7/13/2023 12:30:54 PM,Colin.Campbell@rspb.org.uk_RSPBEU,7/13/2023 12:30:54 PM,Colin.Campbell@rspb.org.uk_RSPBEU,-62.2034716666667,16.7891066666667
31,95bd7544-1694-4d8b-9666-78e4ffed433b,4/30/2019 4:00:00 AM,06:57,227,1,0,,3,2,,,,,2,,,,,,,,,,,,,,,,,,,,,,,,,,,,,,,,,,,,,light,"CF,TW",,7/13/2023 12:30:54 PM,Colin.Campbell@rspb.org.uk_RSPBEU,7/13/2023 12:30:54 PM,Colin.Campbell@rspb.org.uk_RSPBEU,-62.2047633333333,16.79002
32,61d11820-0947-44cd-bf37-ba776e56a479,4/30/2019 4:00:00 AM,06:39,226,1,0,,1,2,,,1,1,,,,,,,,1,,,,,,,,,,,,,,,,,,,,,,,,,,,,,,light,"CF,TW",,7/13/2023 12:30:54 PM,Colin.Campbell@rspb.org.uk_RSPBEU,7/13/2023 12:30:54 PM,Colin.Campbell@rspb.org.uk_RSPBEU,-62.2060866666667,16.79019
33,f96a2148-b619-4c9c-8b13-5fc843a572e7,4/30/2019 4:00:00 AM,06:23,225,1,0,,2,,1,,1,1,2,,,,,,,,,,,,,,,,,,,,,,,,,,,,,,,,,,,,,light,"CF,TW",,7/13/2023 12:30:54 PM,Colin.Campbell@rspb.org.uk_RSPBEU,7/13/2023 12:30:54 PM,Colin.Campbell@rspb.org.uk_RSPBEU,-62.207545,16.791295
34,a1a025dd-aa5a-438c-bb0e-777f55c331a8,4/30/2019 4:00:00 AM,06:06,224,1,0,,,,2,,,,3,,,,,,,1,,1,1,,,,,,,,,,,,,,,,,,,,,,,,,,,light,"CF,TW",,7/13/2023 12:30:54 PM,Colin.Campbell@rspb.org.uk_RSPBEU,7/13/2023 12:30:54 PM,Colin.Campbell@rspb.org.uk_RSPBEU,-62.2077933333333,16.7924233333333
35,d4e61e53-f9df-43d2-9515-8e7ccd0e750e,4/30/2019 5:00:00 AM,06:50,220,1,,Caines river ,9,1,,3,2,1,2,,1,,,,1,,,,,,,,,,,,,,,,,,,,,,,,,,,,,,,light,"SH,JB",,7/13/2023 12:30:54 PM,Colin.Campbell@rspb.org.uk_RSPBEU,7/13/2023 12:30:54 PM,Colin.Campbell@rspb.org.uk_RSPBEU,-62.2009408660233,16.7759289219975
36,69237fe2-9f20-477f-931a-9722acb0207d,4/30/2019 5:00:00 AM,07:10,221,1,,Kanes river ,7,3,1,,8,1,,,,,,,1,,,,,,1,,,,,,,,,,,,,,,,,,,,,,,,,moderate,"SH,JB",,7/13/2023 12:30:54 PM,Colin.Campbell@rspb.org.uk_RSPBEU,7/13/2023 12:30:54 PM,Colin.Campbell@rspb.org.uk_RSPBEU,-62.2009153012186,16.7759410338476
37,1808cd5c-5fc2-440b-84f3-e47e6fafbeef,4/30/2019 5:00:00 AM,08:04,223,1,,Caines river ,5,2,4,3,9,1,2,1,1,1,,,2,,,,,,,,,,,,,,,,,,,,,,,,,,,,,,,light,"JB,SH",,7/13/2023 12:30:54 PM,Colin.Campbell@rspb.org.uk_RSPBEU,7/13/2023 12:30:54 PM,Colin.Campbell@rspb.org.uk_RSPBEU,-62.2009408660233,16.7759289219975
38,250e161b-1121-4783-b1c3-1c0b8759a9a4,4/30/2019 5:00:00 AM,07:39,222,1,,Caines river ,8,3,6,1,5,2,,1,1,,1,,4,,,,,,2,,,,,,,,,,,,,,,,,,,,,,,,,moderate,"JB,SH",,7/13/2023 12:30:54 PM,Colin.Campbell@rspb.org.uk_RSPBEU,7/13/2023 12:30:54 PM,Colin.Campbell@rspb.org.uk_RSPBEU,-62.2011096775532,16.7772757681087
39,a71648dc-d425-44f8-abda-8e46e9d4440e,5/4/2021 4:00:00 PM,09:08,217,1,,,2,2,,1,2,1,3,,,1,,,,1,1,,,,,,,,,,,,,,,,,,,,,,,,,,,,,light,"CF,LM,TW",,7/13/2023 12:30:54 PM,Colin.Campbell@rspb.org.uk_RSPBEU,7/13/2023 12:30:54 PM,Colin.Campbell@rspb.org.uk_RSPBEU,-62.1845867,16.7831033
40,81deccf3-b34b-4fa7-99a5-946c36d3807a,5/4/2021 4:00:00 PM,09:24,218,1,,,2,2,,1,2,,1,,,1,1,,,,,,,,,,,,,,,,,,,,,,,,,,,,,,,,,light,"CF,LM,TW",,7/13/2023 12:30:54 PM,Colin.Campbell@rspb.org.uk_RSPBEU,7/13/2023 12:30:54 PM,Colin.Campbell@rspb.org.uk_RSPBEU,-62.1853693,16.7818676
41,0603e39d-bce7-42b5-b882-7e4a2bb0879c,5/4/2021 4:00:00 PM,09:41,219,1,,,3,,,1,3,,1,,,,,,1,,,,,,,,,,,,,,,,,,,,,,,,,,,,,,,light,"CF,LM,TW",,7/13/2023 12:30:54 PM,Colin.Campbell@rspb.org.uk_RSPBEU,7/13/2023 12:30:54 PM,Colin.Campbell@rspb.org.uk_RSPBEU,-62.1847682,16.7809282
42,a4b6255c-7f76-4a14-aa71-d364f1a3eb16,5/5/2021 4:00:00 PM,06:16,238,1,,,1,2,,,,,,,,,,,,1,,,,,,,,,,,,,,,,,,,,,,,,,,,,,,moderate,"CF,LM,TW",,7/13/2023 12:30:54 PM,Colin.Campbell@rspb.org.uk_RSPBEU,7/13/2023 12:30:54 PM,Colin.Campbell@rspb.org.uk_RSPBEU,-62.1886542,16.8131039
43,28a13409-2890-48bd-88ad-7895344105cd,5/5/2021 4:00:00 PM,06:37,237,1,,,3,2,,,,1,2,,,,,,,2,,,,,,,,,,,,,,,,,,,,,,,,,,,,,,light,"CF,LM,TW",,7/13/2023 12:30:54 PM,Colin.Campbell@rspb.org.uk_RSPBEU,7/13/2023 12:30:54 PM,Colin.Campbell@rspb.org.uk_RSPBEU,-62.1897918,16.8136534
44,b890b96f-c527-4800-a0e8-7085d767797a,5/5/2021 4:00:00 PM,06:56,236,1,,,3,3,2,1,,1,3,,,,,,,1,1,1,,,,,,,,,,,,,,,,,,,,,,,,,,,,light,"CF,LM,TW",,7/13/2023 12:30:54 PM,Colin.Campbell@rspb.org.uk_RSPBEU,7/13/2023 12:30:54 PM,Colin.Campbell@rspb.org.uk_RSPBEU,-62.1907918,16.8128901
45,5bdf72c5-31c7-40e8-b130-297d6241fffe,5/5/2021 4:00:00 PM,07:18,235,1,,,,2,,,2,1,2,,,1,,1,,3,1,,,,,,,,,,,,,,,,,,,,,,,,,,,,,light,"CF,LM,TW",,7/13/2023 12:30:54 PM,Colin.Campbell@rspb.org.uk_RSPBEU,7/13/2023 12:30:54 PM,Colin.Campbell@rspb.org.uk_RSPBEU,-62.1904614,16.8120645
46,523c3b19-1d65-4a33-8d83-71b4becd4329,5/5/2021 4:00:00 PM,06:38,210,1,,Done on 4 may 2021 ( Gps was not working),3,2,1,2,1,,1,,,,,,,,,1,,,,,,,,,,,,,,,,,,,,,,,,,,,,moderate,"CF,LM,TW",,7/13/2023 12:30:54 PM,Colin.Campbell@rspb.org.uk_RSPBEU,7/13/2023 12:30:54 PM,Colin.Campbell@rspb.org.uk_RSPBEU,-62.177392,16.7780251
47,bd4c4969-8e0f-4506-9344-2db6c8d0a89e,5/5/2021 4:00:00 PM,06:02,211,1,,Done on 4 May 2021 ( Gps Map was not working),2,2,,3,2,,2,,,,,,1,,1,1,,,,,,,,,,,,,,,,,,,,,,,,,,,,moderate,"CF,LM,TW",,7/13/2023 12:30:54 PM,Colin.Campbell@rspb.org.uk_RSPBEU,7/13/2023 12:30:54 PM,Colin.Campbell@rspb.org.uk_RSPBEU,-62.1787249,16.7775717
48,91396dc3-e3ba-495a-a5c0-a6fd101fc291,5/5/2021 4:00:00 PM,07:17,212,1,,Done on 4 May 2021,4,2,,1,2,,1,,,,,,,,,,,,,,,,,,,,,,,,,,,,,,,,,,,,,moderate,"CF,LM,TW",,7/13/2023 12:30:54 PM,Colin.Campbell@rspb.org.uk_RSPBEU,7/13/2023 12:30:54 PM,Colin.Campbell@rspb.org.uk_RSPBEU,-62.1800167,16.776623
49,a0ed29b5-1605-463d-80e3-308d25971392,5/5/2021 4:00:00 PM,07:30,213,1,,Done on 4 May 2021,3,2,1,2,2,,3,,,,,,,,,,,,,,,,,,,,,,,,,,,,,,,,,,,,,moderate,"CF,LM,TW",,7/13/2023 12:30:54 PM,Colin.Campbell@rspb.org.uk_RSPBEU,7/13/2023 12:30:54 PM,Colin.Campbell@rspb.org.uk_RSPBEU,-62.1798951,16.7752168
50,247b26f6-fdae-41b1-82d1-740baa1a4fb9,5/5/2021 4:00:00 PM,07:58,214,1,,Done on 4 May 2021,,2,,1,2,,2,1,,,,,,1,,,,,,,,,,,,,,,,,,,,,,,,,,,,,,light,"CF,LM,TW",,7/13/2023 12:30:54 PM,Colin.Campbell@rspb.org.uk_RSPBEU,7/13/2023 12:30:54 PM,Colin.Campbell@rspb.org.uk_RSPBEU,-62.1789553,16.774683
51,09d7c323-48df-4587-b15a-e1bb605f2d35,5/5/2021 4:00:00 PM,08:34,215,1,,Done on 4 May 2021,2,2,,1,1,,1,,,1,,,,1,,,,,,,,,,,,,,,,,,,,,,,,,,,,,,light,"CF,LM,TW",,7/13/2023 12:30:54 PM,Colin.Campbell@rspb.org.uk_RSPBEU,7/13/2023 12:30:54 PM,Colin.Campbell@rspb.org.uk_RSPBEU,-62.1835003,16.7853694
52,74de7764-6650-450d-a6e7-4f07ac34a3fe,5/5/2021 4:00:00 PM,08:51,216,1,,Done on 4 May 2021,2,2,1,2,2,1,2,,,,,,,2,,,,,,,,,,,,,,,,,,,,,,,,,,,,,,light,"CF,LM,TW",,7/13/2023 12:30:54 PM,Colin.Campbell@rspb.org.uk_RSPBEU,7/13/2023 12:30:54 PM,Colin.Campbell@rspb.org.uk_RSPBEU,-62.1832911,16.7839647
53,ec3a8b57-0389-4279-9abc-1a825a1bc621,5/6/2021 4:00:00 PM,06:03,224,1,,,2,3,,,6,1,2,,,,,,,1,1,,,,,,,,,,,,,,,,,,,,,,,,,,,,,calm,"LM,TW",,7/13/2023 12:30:54 PM,Colin.Campbell@rspb.org.uk_RSPBEU,7/13/2023 12:30:54 PM,Colin.Campbell@rspb.org.uk_RSPBEU,-62.2078837,16.7926219
54,9a6c76e2-0cf1-4f44-9722-74aefb105aa7,5/6/2021 4:00:00 PM,06:21,225,1,,,4,2,1,2,4,,2,,,1,1,,,,,,,,,,,,1,,,,,,,,,,,,,,,,,,,,,calm,"LM,TW",,7/13/2023 12:30:54 PM,Colin.Campbell@rspb.org.uk_RSPBEU,7/13/2023 12:30:54 PM,Colin.Campbell@rspb.org.uk_RSPBEU,-62.2074256,16.7915254
55,be354c9f-68db-4cf5-9bc4-e7af20560635,5/6/2021 4:00:00 PM,06:41,226,1,,,8,3,1,,3,,1,,,,,,,,,,,,1,,,,,,,,,,,,,,,,,,,,,,,,,light,"LM,TW",,7/13/2023 12:30:54 PM,Colin.Campbell@rspb.org.uk_RSPBEU,7/13/2023 12:30:54 PM,Colin.Campbell@rspb.org.uk_RSPBEU,-62.2059962,16.7902333
56,7f89b4c3-61fa-4fd2-815f-587eca839db2,5/6/2021 4:00:00 PM,07:01,227,1,1,,4,2,,,1,,,,,,,,,,,,,,,,1,,,,,,,,,,,,,,,,,,,,,,,calm,"LM,TW",,7/13/2023 12:30:54 PM,Colin.Campbell@rspb.org.uk_RSPBEU,7/13/2023 12:30:54 PM,Colin.Campbell@rspb.org.uk_RSPBEU,-62.2060438,16.7870438
57,3ea613ac-c8ef-44a0-ab6c-6532f79d8daf,5/6/2021 4:00:00 PM,07:19,228,1,,,4,2,,2,1,,1,,,,,,,1,,,,,,,,,,,,,,,,,,,,,,,,,,,,,,calm,"LM,TW",,7/13/2023 12:30:54 PM,Colin.Campbell@rspb.org.uk_RSPBEU,7/13/2023 12:30:54 PM,Colin.Campbell@rspb.org.uk_RSPBEU,-62.203365,16.789085
58,8557bd8b-3d5f-4452-9611-29b10b12b0a0,5/4/2021 4:00:00 PM,06:13,201,1,,,4,3,3,1,8,1,4,,1,2,,3,,2,3,,,,1,1,,,,,,,,,6,,,,,,,,,,,,,,,light,"JB,SH",,7/13/2023 12:30:54 PM,Colin.Campbell@rspb.org.uk_RSPBEU,7/13/2023 12:30:54 PM,Colin.Campbell@rspb.org.uk_RSPBEU,-62.2236642,16.7567866
59,83185c6b-e120-4ddd-9a0f-dd03e73929e8,5/4/2021 4:00:00 PM,06:35,202,1,,,3,3,1,5,7,,8,,,,,1,,2,2,,,3,1,1,1,,,,2,,,,4,,,,,,,,,,,,,,,light,"JB,SH",,7/13/2023 12:30:54 PM,Colin.Campbell@rspb.org.uk_RSPBEU,7/13/2023 12:30:54 PM,Colin.Campbell@rspb.org.uk_RSPBEU,-62.225312,16.7579287
60,6d3a00d3-17fa-421d-8739-b90b6c220aec,5/4/2021 4:00:00 PM,06:57,203,1,,,8,4,,2,7,1,8,,,,,,,4,,,,,2,,,,,,4,,,,1,,,,,,,,,,,,,,,light,"JB,SH",,7/13/2023 12:30:54 PM,Colin.Campbell@rspb.org.uk_RSPBEU,7/13/2023 12:30:54 PM,Colin.Campbell@rspb.org.uk_RSPBEU,-62.2253403,16.7579462
61,bd0a4616-0964-41b4-867c-35b2d7504426,5/4/2021 4:00:00 PM,07:16,204,1,,,7,2,3,6,9,2,6,,1,1,,,,3,3,,,1,,,,,,,2,,,,5,,,,,,,,,,,,,,,moderate,"JB,SH",,7/13/2023 12:30:54 PM,Colin.Campbell@rspb.org.uk_RSPBEU,7/13/2023 12:30:54 PM,Colin.Campbell@rspb.org.uk_RSPBEU,-62.2254881,16.759209
62,a3dca991-19a4-4b21-9c3f-9b689494dae7,5/4/2021 4:00:00 PM,08:05,205,1,,,5,4,2,5,7,,2,,2,1,,,2,,2,,,,,1,,,,,,,,,,,,,,,,2,,,,,,,,light,"JB,SH",,7/13/2023 12:30:54 PM,Colin.Campbell@rspb.org.uk_RSPBEU,7/13/2023 12:30:54 PM,Colin.Campbell@rspb.org.uk_RSPBEU,-62.2148703,16.7867688
63,d5f80109-4cf3-448b-b3e4-8bc1f8502f65,5/4/2021 4:00:00 PM,08:27,206,1,,,6,2,1,1,7,,4,,,1,,1,,3,,2,,,1,,,,,,,,,,,,,,,,,,,,,,,,,light,"JB,SH",,7/13/2023 12:30:54 PM,Colin.Campbell@rspb.org.uk_RSPBEU,7/13/2023 12:30:54 PM,Colin.Campbell@rspb.org.uk_RSPBEU,-62.2140871,16.7855033
64,d662a7ed-ac44-4924-8698-6933f929446c,5/4/2021 4:00:00 PM,08:47,207,1,,,3,2,2,3,10,2,3,1,,2,,2,,3,,,,,,,,,,,,,,,,,,,,,,2,,,,,,,,light,"JB,SH",,7/13/2023 12:30:54 PM,Colin.Campbell@rspb.org.uk_RSPBEU,7/13/2023 12:30:54 PM,Colin.Campbell@rspb.org.uk_RSPBEU,-62.2127671,16.7849418
65,07aa4026-56cd-470c-9f41-f82206083d83,5/4/2021 4:00:00 PM,09:16,208,1,,,4,2,1,3,5,,4,,,,,,2,1,,,,,,,,,,,,,,,,,,,,,,,,,,,,,,moderate,"JB,SH",,7/13/2023 12:30:54 PM,Colin.Campbell@rspb.org.uk_RSPBEU,7/13/2023 12:30:54 PM,Colin.Campbell@rspb.org.uk_RSPBEU,-62.2126643,16.7830693
66,a0e14f13-cdc5-42b6-8c34-e3adce5fb6b7,5/4/2021 4:00:00 PM,09:35,209,1,,,5,4,,6,8,1,3,,,,,,2,4,,,,1,,,,,,,,,,,,,,,,,,,,,,,,,,moderate,"JB,SH",,7/13/2023 12:30:54 PM,Colin.Campbell@rspb.org.uk_RSPBEU,7/13/2023 12:30:54 PM,Colin.Campbell@rspb.org.uk_RSPBEU,-62.2119589,16.7834419
67,9b537118-cd12-4592-97d3-8156c2375166,5/5/2021 4:00:00 PM,06:16,220,1,,,15,1,5,3,8,1,1,,1,,1,,1,,,,,,,,,,,,,,,,,,,,,,,,,,,,,,,light,"JB,SH",,7/13/2023 12:30:54 PM,Colin.Campbell@rspb.org.uk_RSPBEU,7/13/2023 12:30:54 PM,Colin.Campbell@rspb.org.uk_RSPBEU,-62.2005427,16.7776611
68,23580970-ba7b-46b5-896d-73c9a22048b7,5/5/2021 4:00:00 PM,06:37,221,1,,,8,3,3,4,10,1,,,,,1,,3,,,,,,2,,,,,,,,,,,,,,,,,,,,,,,,,moderate,"JB,SH",,7/13/2023 12:30:54 PM,Colin.Campbell@rspb.org.uk_RSPBEU,7/13/2023 12:30:54 PM,Colin.Campbell@rspb.org.uk_RSPBEU,-62.2009858,16.7760165
69,6b97eb00-4acb-44d5-a428-8ca03e2204fc,5/5/2021 4:00:00 PM,07:01,222,1,,,16,2,7,3,7,1,,3,1,1,1,,1,,,,,,,,,,,,,,,,,,,,,,,,,,,,,,,light,"JB,SH",,7/13/2023 12:30:54 PM,Colin.Campbell@rspb.org.uk_RSPBEU,7/13/2023 12:30:54 PM,Colin.Campbell@rspb.org.uk_RSPBEU,-62.2017423,16.7747365
70,a9013e36-aa8e-492b-a90b-0d9ba9be3c45,5/5/2021 4:00:00 PM,07:24,223,1,,,9,3,6,6,8,1,3,,3,,,,4,,,,,,2,,,,,,,,,,,,,,,,,,,,,,,,,calm,"JB,SH",,7/13/2023 12:30:54 PM,Colin.Campbell@rspb.org.uk_RSPBEU,7/13/2023 12:30:54 PM,Colin.Campbell@rspb.org.uk_RSPBEU,-62.2013754,16.7738367
71,e445b05a-de75-4bfa-8aa4-0a64c83397a7,5/6/2021 4:00:00 PM,06:25,234,1,,,4,3,5,2,9,2,,,,,,,,2,2,,,,,2,,,,,,,,,,,,,,,,2,,,,,,,,light,"JB,SH",,7/13/2023 12:30:54 PM,Colin.Campbell@rspb.org.uk_RSPBEU,7/13/2023 12:30:54 PM,Colin.Campbell@rspb.org.uk_RSPBEU,-62.1901572,16.7888614
72,fba6dcb1-f460-4d09-b8df-34af601a0677,5/6/2021 4:00:00 PM,07:54,233,1,,,5,2,2,1,4,1,7,,,,,1,1,5,,1,,2,,,,,,,,,,,,,,,,,,2,,,,,,,,light,"JB,SH",,7/13/2023 12:30:54 PM,Colin.Campbell@rspb.org.uk_RSPBEU,7/13/2023 12:30:54 PM,Colin.Campbell@rspb.org.uk_RSPBEU,-62.1894015,16.7916031
73,5534d67d-3ed0-4515-b303-2a85ae3d533d,5/6/2021 4:00:00 PM,07:15,232,1,,,8,2,1,3,7,1,3,,,,,,1,7,,5,1,,,2,,,,,,,,,,,,,,,,2,,,,,,,,light,"JB,SH",,7/13/2023 12:30:54 PM,Colin.Campbell@rspb.org.uk_RSPBEU,7/13/2023 12:30:54 PM,Colin.Campbell@rspb.org.uk_RSPBEU,-62.1894225,16.7929129
74,0a40cea6-90b5-4cc5-9796-a97f99805168,5/6/2021 4:00:00 PM,07:42,231,1,,,3,2,2,3,3,2,3,,,2,1,3,1,5,,1,,4,,,1,,,,,,,,,,,,,,,2,,,,,,,,light,"JB,SH",,7/13/2023 12:30:54 PM,Colin.Campbell@rspb.org.uk_RSPBEU,7/13/2023 12:30:54 PM,Colin.Campbell@rspb.org.uk_RSPBEU,-62.1898834,16.7942015
75,fc50500b-1fb6-4d3b-a0ba-bb652506bc2b,5/6/2021 4:00:00 PM,08:04,230,1,,,3,4,,2,3,1,8,,1,,,1,,7,,5,,2,,4,,,,,,,,,,,,,,,,,,,,,,,,moderate,"JB,SH",,7/13/2023 12:30:54 PM,Colin.Campbell@rspb.org.uk_RSPBEU,7/13/2023 12:30:54 PM,Colin.Campbell@rspb.org.uk_RSPBEU,-62.1900693,16.7956204
76,fc141c75-85fa-4cfa-8a86-e8f15475d931,5/6/2021 4:00:00 PM,08:37,229,1,,,2,4,,1,15,1,4,,,1,,2,,6,1,2,,3,2,2,,1,1,,1,,,,,,,,,,,,,,,1,,,,light,"JB,SH",,7/13/2023 12:30:54 PM,Colin.Campbell@rspb.org.uk_RSPBEU,7/13/2023 12:30:54 PM,Colin.Campbell@rspb.org.uk_RSPBEU,-62.1862368,16.7988887
77,426e76bf-23ae-4dab-93f3-f7bafbbc7ce6,5/5/2022 5:00:00 PM,06:42,201,1,,,5,5,,5,5,2,6,,,,,,,2,3,,,,2,,1,,1,,,,,,3,,,,,,,,,,,,,,,light,"JB,SH",,7/13/2023 12:30:54 PM,Colin.Campbell@rspb.org.uk_RSPBEU,7/13/2023 12:30:54 PM,Colin.Campbell@rspb.org.uk_RSPBEU,-62.2236877,16.7567473
78,58531ea2-29ce-47b1-a2df-78813801ad04,5/5/2022 5:00:00 PM,07:05,202,1,,,5,2,,4,4,1,5,,,1,,,1,2,2,,,3,2,1,,,,,8,,,,,,,,,,,,,,,,,,,light,"JB,SH",,7/13/2023 12:30:54 PM,Colin.Campbell@rspb.org.uk_RSPBEU,7/13/2023 12:30:54 PM,Colin.Campbell@rspb.org.uk_RSPBEU,-62.2253478,16.7579758
79,72faeb19-5616-4384-9634-3a9f3c168a83,5/5/2022 5:00:00 PM,07:26,203,1,,,4,3,,2,2,3,5,,,1,,,,2,2,,,,,,,,,,,,,,,,,,,,,,,,,,,,,light,"JB,SH",,7/13/2023 12:30:54 PM,Colin.Campbell@rspb.org.uk_RSPBEU,7/13/2023 12:30:54 PM,Colin.Campbell@rspb.org.uk_RSPBEU,-62.2254999,16.7592411
80,616a4c64-e938-470d-b198-0f0b734a9da6,5/5/2022 5:00:00 PM,07:46,204,1,,,4,3,,1,4,2,4,,1,1,,,,1,3,,,,3,,,,1,,,,,,3,,,,,,,,1,,,,,,,light,"JB,SH",,7/13/2023 12:30:54 PM,Colin.Campbell@rspb.org.uk_RSPBEU,7/13/2023 12:30:54 PM,Colin.Campbell@rspb.org.uk_RSPBEU,-62.224317,16.7593507
81,c39f583a-8420-4348-8abc-7c394ec56acb,5/5/2022 5:00:00 PM,08:35,205,1,,,5,2,,8,2,2,4,,,,,,,3,1,,,,,,,,,,,,,,,,,,,,,,,,,,,,,light,"JB,SH",,7/13/2023 12:30:54 PM,Colin.Campbell@rspb.org.uk_RSPBEU,7/13/2023 12:30:54 PM,Colin.Campbell@rspb.org.uk_RSPBEU,-62.2148344,16.7867432
82,d0f80c89-ef9e-4783-b9a8-45ac6925dc61,5/5/2022 5:00:00 PM,08:57,206,1,,,3,3,,3,3,1,2,,,1,,,,,,,,,2,,,,,,,,,,,,,,,,,,,,,,,,,light,"JB,SH",,7/13/2023 12:30:54 PM,Colin.Campbell@rspb.org.uk_RSPBEU,7/13/2023 12:30:54 PM,Colin.Campbell@rspb.org.uk_RSPBEU,-62.214005,16.7855993
83,973d0a07-e7ec-431a-81bb-c90232d29826,5/5/2022 5:00:00 PM,09:20,507,1,,,4,3,1,2,3,1,2,,1,,,,1,2,,,,,1,,1,,,,,,,,,,,,,,,,,,,,,,,light,SH,,7/13/2023 12:30:54 PM,Colin.Campbell@rspb.org.uk_RSPBEU,7/13/2023 12:30:54 PM,Colin.Campbell@rspb.org.uk_RSPBEU,-62.212674,16.7849292
84,085a4413-9b99-44d6-83f0-fd9e4a6ed768,5/5/2022 5:00:00 PM,09:42,208,1,,,5,1,,4,1,,3,,,2,,,2,,,,,,,,1,,,,,,,,,,,,,,,,,,,,,,,light,"JB,SH",,7/13/2023 12:30:54 PM,Colin.Campbell@rspb.org.uk_RSPBEU,7/13/2023 12:30:54 PM,Colin.Campbell@rspb.org.uk_RSPBEU,-62.2126742,16.7830829
85,608d23e8-2432-4f3a-927a-ea2c1577ce5b,5/5/2022 5:00:00 PM,10:02,209,1,,,4,3,3,3,2,,3,,1,,,,1,,2,,,,2,,,,,,,,,,,,,,,,,1,,,,,,,,light,"JB,SH",,7/13/2023 12:30:54 PM,Colin.Campbell@rspb.org.uk_RSPBEU,7/13/2023 12:30:54 PM,Colin.Campbell@rspb.org.uk_RSPBEU,-62.211883,16.7834413
86,093019e1-a737-44a5-85ef-2c4275144f08,5/6/2022 5:00:00 PM,06:57,234,1,,,3,2,,2,5,2,6,,1,2,,3,,4,,1,,,,1,,4,2,2,,,,,,,,,3,,,,,,,,,,,light,"JB,SH",,7/13/2023 12:30:54 PM,Colin.Campbell@rspb.org.uk_RSPBEU,7/13/2023 12:30:54 PM,Colin.Campbell@rspb.org.uk_RSPBEU,-62.1894873,16.7903554
87,1cbdc136-4c3c-4a7b-85c1-85ab29e8a456,5/6/2022 5:00:00 PM,07:20,234,1,,,4,3,2,2,4,1,4,,,3,,5,,4,,,,,,3,,,1,,,,,,,,,,4,,,,,,,,,,,light,"JB,SH",,7/13/2023 12:30:54 PM,Colin.Campbell@rspb.org.uk_RSPBEU,7/13/2023 12:30:54 PM,Colin.Campbell@rspb.org.uk_RSPBEU,-62.1894392,16.7916225
88,547d49a4-4c20-45fb-9d33-16329d08dd11,5/6/2022 5:00:00 PM,07:42,232,1,,,3,3,2,3,2,1,5,,,2,,4,,5,3,,,,2,3,,,,,,,,,,,,,5,,,,,,,,,,,calm,"JB,SH",,7/13/2023 12:30:54 PM,Colin.Campbell@rspb.org.uk_RSPBEU,7/13/2023 12:30:54 PM,Colin.Campbell@rspb.org.uk_RSPBEU,-62.18945,16.7929503
89,51663df1-6137-4ee0-9ade-2ac0baf77892,5/6/2022 5:00:00 PM,08:02,231,3,,,5,3,1,4,3,2,6,,,2,,1,,3,,,,1,1,,,,,,,,,,,,,,2,,,2,,,,,,,,light,"JB,SH",,7/13/2023 12:30:54 PM,Colin.Campbell@rspb.org.uk_RSPBEU,7/13/2023 12:30:54 PM,Colin.Campbell@rspb.org.uk_RSPBEU,-62.1899845,16.7942261
90,03bfbbf6-9578-4463-9c6c-86961aad31f3,5/6/2022 5:00:00 PM,08:26,230,1,,,2,2,,3,,,3,,,1,,,,3,,,,1,,1,,,,,,,,,,,,,,,,,,,,,,,,moderate,"JB,SH",,7/13/2023 12:30:54 PM,Colin.Campbell@rspb.org.uk_RSPBEU,7/13/2023 12:30:54 PM,Colin.Campbell@rspb.org.uk_RSPBEU,-62.190089,16.7956885
91,7e769e59-2edd-45c8-8ce6-cd191cfafbac,5/6/2022 5:00:00 PM,09:00,229,1,,,5,4,,,2,,5,,,2,,3,,3,,,,1,3,2,,2,,,,,,,,,,,,,,,,,,,,,,moderate,"JB,SH",,7/13/2023 12:30:54 PM,Colin.Campbell@rspb.org.uk_RSPBEU,7/13/2023 12:30:54 PM,Colin.Campbell@rspb.org.uk_RSPBEU,-62.1862999,16.7988931
92,30ad24fa-799d-49f7-9f94-23ce7abfaacc,5/4/2022 5:00:00 PM,06:53,220,1,0,,10,1,1,3,3,,4,,,,5,,1,,,,,,,,,,,,,,,,,,,,,,,,,,,,,,,calm,"JB,CF",,7/13/2023 12:30:54 PM,Colin.Campbell@rspb.org.uk_RSPBEU,7/13/2023 12:30:54 PM,Colin.Campbell@rspb.org.uk_RSPBEU,-62.1925626,16.7810279
93,b021c26a-d9d9-4747-abba-c44b1acaea55,5/4/2022 5:00:00 PM,07:12,221,1,0,,6,5,1,1,5,2,3,3,,1,1,,3,,,,,,,,,,,,,,,,,,,,,,,,,,,,,,,calm,"CF,JB",,7/13/2023 12:30:54 PM,Colin.Campbell@rspb.org.uk_RSPBEU,7/13/2023 12:30:54 PM,Colin.Campbell@rspb.org.uk_RSPBEU,-62.1925624,16.7810284
94,bba81d1d-5117-4cb0-9450-96b59d1edd6d,5/4/2022 5:00:00 PM,07:34,222,1,0,,6,2,2,3,4,1,3,2,1,,,,2,,2,,,,,,,,,,,,,,,,,,,,,,,,,,,,,calm,"CF,JB",,7/13/2023 12:30:54 PM,Colin.Campbell@rspb.org.uk_RSPBEU,7/13/2023 12:30:54 PM,Colin.Campbell@rspb.org.uk_RSPBEU,-62.1925616,16.7810267
95,4f7bb870-6ae2-4806-b21e-bc7a511008c7,5/4/2022 5:00:00 PM,07:58,223,1,0,,6,3,,3,4,1,2,2,2,1,,,2,,1,,,,,,,,,,,,,,,,,,,,,,,,,,,,,calm,"CF,JB",,7/13/2023 12:30:54 PM,Colin.Campbell@rspb.org.uk_RSPBEU,7/13/2023 12:30:54 PM,Colin.Campbell@rspb.org.uk_RSPBEU,-62.1925639,16.7810244
96,6856465d-e1d0-434e-a5ae-c618ba76dfbb,5/6/2022 5:00:00 PM,06:46,238,1,0,,2,3,,2,,1,,,,,,,,2,,,,,,,,,,,,,,,,,,,,,,,,,,,,,,light,"CF,LM",,7/13/2023 12:30:54 PM,Colin.Campbell@rspb.org.uk_RSPBEU,7/13/2023 12:30:54 PM,Colin.Campbell@rspb.org.uk_RSPBEU,-62.192562,16.7810248
97,a0300cad-0776-43ee-a22c-bd7f7b1d2ae0,5/6/2022 5:00:00 PM,07:08,237,1,0,,4,4,,,,1,3,,,,,3,,2,3,2,1,,,,,,,,,,,,,,,,,,,,,,,,,,,light,"CF,LM",,7/13/2023 12:30:54 PM,Colin.Campbell@rspb.org.uk_RSPBEU,7/13/2023 12:30:54 PM,Colin.Campbell@rspb.org.uk_RSPBEU,-62.1925617,16.7810255
98,84beff02-3a8a-43d3-b025-ed3c9c010acf,5/6/2022 5:00:00 PM,07:25,236,1,0,,3,3,2,,,2,3,,,,,3,,4,1,3,,,,,,,,,,,,,,,,,,,,,,,,,,,,light,"CF,LM",,7/13/2023 12:30:54 PM,Colin.Campbell@rspb.org.uk_RSPBEU,7/13/2023 12:30:54 PM,Colin.Campbell@rspb.org.uk_RSPBEU,-62.192562,16.7810249
99,d5448295-2302-40f2-a288-9a0a90d9bf50,5/6/2022 5:00:00 PM,07:45,236,1,0,,5,3,,1,,1,2,,,,,3,,5,,2,,,,,,,,,,,,,,,,,,,,,,,,,,,,light,"CF,LM",,7/13/2023 12:30:54 PM,Colin.Campbell@rspb.org.uk_RSPBEU,7/13/2023 12:30:54 PM,Colin.Campbell@rspb.org.uk_RSPBEU,-62.1925616,16.781027
100,c6907185-5cff-4e6d-9a55-62bc90f4d419,5/10/2023 4:00:00 PM,05:59,215,1,0,,4,4,3,2,3,2,3,,,1,,,1,1,1,4,,,2,,,,,,,,,,,,,,,,,,,,,,,,,calm,CF,,7/13/2023 12:30:54 PM,Colin.Campbell@rspb.org.uk_RSPBEU,7/13/2023 12:30:54 PM,Colin.Campbell@rspb.org.uk_RSPBEU,-62.18355621,16.78525169
101,6e13abe4-f7a0-43e2-a25c-c000b50bd3c7,5/10/2023 4:00:00 PM,06:17,216,1,0,,6,4,6,5,6,2,4,,,2,,,,2,2,4,,,,,,,,,,,,,,,,,,,,,,,,,,,,calm,CF,,7/13/2023 12:30:54 PM,Colin.Campbell@rspb.org.uk_RSPBEU,7/13/2023 12:30:54 PM,Colin.Campbell@rspb.org.uk_RSPBEU,-62.18344882,16.78399986
102,73b9a6ea-0e9b-4fa5-b547-a64957a79a17,5/10/2023 4:00:00 PM,06:34,217,1,0,,5,3,5,3,5,2,3,,,2,,1,,3,2,3,,1,,,,,,,,,,,,,,,,,,,,,,,,,,calm,CF,,7/13/2023 12:30:54 PM,Colin.Campbell@rspb.org.uk_RSPBEU,7/13/2023 12:30:54 PM,Colin.Campbell@rspb.org.uk_RSPBEU,-62.18462316,16.78301765
103,75ab83a9-1964-4714-800f-772ff763ce88,5/10/2023 4:00:00 PM,06:49,218,1,0,,5,3,7,4,6,3,4,,,1,,,,3,2,3,,2,1,,,,,,,,,,,,,,,,,,,,,,,,,calm,CF,,7/13/2023 12:30:54 PM,Colin.Campbell@rspb.org.uk_RSPBEU,7/13/2023 12:30:54 PM,Colin.Campbell@rspb.org.uk_RSPBEU,-62.18536291,16.7818748
104,868a8c9b-f595-4b28-b05b-f123b3b0cf23,5/10/2023 4:00:00 PM,07:06,219,1,0,,4,2,5,4,5,2,4,,,2,1,2,2,2,2,4,,,1,,,,,,,,,,,,,,,,,,,,,,,,,calm,CF,,7/13/2023 12:30:54 PM,Colin.Campbell@rspb.org.uk_RSPBEU,7/13/2023 12:30:54 PM,Colin.Campbell@rspb.org.uk_RSPBEU,-62.18472958,16.78087282
105,0f2512db-b459-4781-aaed-877726d3afbf,5/10/2023 4:00:00 PM,06:05,210,1,0,,5,3,,3,3,1,3,2,,,,,,,,,,,,,,,,,,,,,,,,,,,,,,,,,,,,light,LM,,7/13/2023 12:30:54 PM,Colin.Campbell@rspb.org.uk_RSPBEU,7/13/2023 12:30:54 PM,Colin.Campbell@rspb.org.uk_RSPBEU,-62.1774516666667,16.777875
106,071c3ef5-9251-4056-be29-75206daafd6b,5/10/2023 4:00:00 PM,06:22,211,1,0,,5,3,3,,4,1,3,,,,,,1,,,1,,,,,,,,,,,,,,,,,,,,,,,,,,,,light,LM,,7/13/2023 12:30:54 PM,Colin.Campbell@rspb.org.uk_RSPBEU,7/13/2023 12:30:54 PM,Colin.Campbell@rspb.org.uk_RSPBEU,-62.1788383333333,16.7774616666667
107,3d85714b-32eb-4f35-adf8-714ee2229b3e,5/10/2023 4:00:00 PM,06:38,212,1,0,,6,3,3,3,3,1,4,2,,2,,,2,,,,,,,,,,,,,,,,,,,,,,,,,,,,,,,light,LM,,7/13/2023 12:30:54 PM,Colin.Campbell@rspb.org.uk_RSPBEU,7/13/2023 12:30:54 PM,Colin.Campbell@rspb.org.uk_RSPBEU,-62.17998,16.7766033333333
108,f5249056-9c1e-46fe-a27d-2898062c6cf4,5/10/2023 4:00:00 PM,06:55,213,1,0,,5,4,3,2,4,,3,1,,,,,,,,,,,,,,,,,,,,,,,,,,,,,,,,,,,,light,LM,,7/13/2023 12:30:54 PM,Colin.Campbell@rspb.org.uk_RSPBEU,7/13/2023 12:30:54 PM,Colin.Campbell@rspb.org.uk_RSPBEU,-62.1800416666667,16.775165
109,a51fa3d6-df6a-4a7d-aff1-7042015ef159,5/10/2023 4:00:00 PM,07:12,214,1,0,,4,4,1,,3,,4,1,1,1,,,,,,,,,,,,,,,,,,,,,,,,,,,,,,,,,,light,LM,,7/13/2023 12:30:54 PM,Colin.Campbell@rspb.org.uk_RSPBEU,7/13/2023 12:30:54 PM,Colin.Campbell@rspb.org.uk_RSPBEU,-62.1791316666667,16.77461
110,008c7b90-3c06-4d84-b024-1b2a9b2a83de,5/11/2023 4:00:00 PM,06:04,224,1,0,,5,2,3,2,5,,4,,,1,,,,1,,2,,,,,,,,,,,,,,,,,,,,,,,,,,,,calm,"CF,LM",,7/13/2023 12:30:54 PM,Colin.Campbell@rspb.org.uk_RSPBEU,7/13/2023 12:30:54 PM,Colin.Campbell@rspb.org.uk_RSPBEU,-62.20789913,16.7925813
111,6d35e634-4e92-4b58-a39e-2bec7ce5e465,5/11/2023 4:00:00 PM,06:20,225,1,0,,4,2,1,1,5,,1,,,,,,,,,,,,,,,,,,,,,,,,,,,,,,,,,,,,,calm,"CF,LM",,7/13/2023 12:30:54 PM,Colin.Campbell@rspb.org.uk_RSPBEU,7/13/2023 12:30:54 PM,Colin.Campbell@rspb.org.uk_RSPBEU,-62.20751207,16.79130431
112,2e1480a3-1e51-4c02-851a-0c608e27a873,5/11/2023 4:00:00 PM,06:37,226,1,0,,6,3,3,4,4,2,3,,,1,,,,,,2,,,,,,,,,,,,,,,,,,,,,,,,,,,,calm,"CF,LM",,7/13/2023 12:30:54 PM,Colin.Campbell@rspb.org.uk_RSPBEU,7/13/2023 12:30:54 PM,Colin.Campbell@rspb.org.uk_RSPBEU,-62.20606725,16.7901713
113,386dced6-261d-4fc8-8383-8841d7356472,5/11/2023 4:00:00 PM,06:55,227,1,0,,5,4,2,5,6,1,2,,,1,,,,,,2,,5,1,,2,,,,,,,,,,,,,,,,,,,,,,,calm,"CF,LM",,7/13/2023 12:30:54 PM,Colin.Campbell@rspb.org.uk_RSPBEU,7/13/2023 12:30:54 PM,Colin.Campbell@rspb.org.uk_RSPBEU,-62.20465807,16.78998462
114,ad5bf594-5ea4-4b57-8f92-ea19223a9186,5/11/2023 4:00:00 PM,07:16,228,1,0,,6,3,5,3,5,1,3,,,,,,,,,,,,2,,,,,,,,,,,,,,,,,,,,,,,,,calm,"CF,LM",,7/13/2023 12:30:54 PM,Colin.Campbell@rspb.org.uk_RSPBEU,7/13/2023 12:30:54 PM,Colin.Campbell@rspb.org.uk_RSPBEU,-62.20345307,16.7890939
115,84ff7190-e9bd-459a-a4e9-8283685078e6,5/12/2023 4:00:00 PM,06:44,238,1,0,,3,2,,1,2,1,,,,,,,,2,1,1,,,,,,,,,,,,,,,,,,,,,,,,,,,,moderate,"CF,LM",,7/13/2023 12:30:54 PM,Colin.Campbell@rspb.org.uk_RSPBEU,7/13/2023 12:30:54 PM,Colin.Campbell@rspb.org.uk_RSPBEU,-62.18903682,16.81292805
116,4c842dc7-c654-4d4c-afd8-4978f6b3430c,5/12/2023 4:00:00 PM,07:03,0,1,0,,4,2,1,2,3,1,2,,,1,,,,,,,,,,,,,,,,,,,,,,,,,,,,,,,,,,calm,"CF,LM",,7/13/2023 12:30:54 PM,Colin.Campbell@rspb.org.uk_RSPBEU,7/13/2023 12:30:54 PM,Colin.Campbell@rspb.org.uk_RSPBEU,-62.18989532,16.81355481
117,06c36a22-872c-49ff-9f39-960ad080e1a7,5/12/2023 4:00:00 PM,07:20,236,1,0,,4,2,1,2,2,1,2,,,,,,,2,1,3,,,2,,,,,,,,,,,,,,,,,,,,,,,,,calm,"CF,LM",,7/13/2023 12:30:54 PM,Colin.Campbell@rspb.org.uk_RSPBEU,7/13/2023 12:30:54 PM,Colin.Campbell@rspb.org.uk_RSPBEU,-62.19074553,16.81288182
118,6f932567-6e9c-4c41-9438-bca068af9c0e,5/12/2023 4:00:00 PM,07:40,235,1,0,,4,4,1,3,2,,3,,,3,,5,,3,2,2,,,,,,,,,,,,,,,,,,,,,,,,,,,,calm,"CF,LM",,7/13/2023 12:30:54 PM,Colin.Campbell@rspb.org.uk_RSPBEU,7/13/2023 12:30:54 PM,Colin.Campbell@rspb.org.uk_RSPBEU,-62.1904019,16.81217433
119,1749d95b-8a11-4094-89d5-f23b5c7f6089,5/10/2023 4:00:00 PM,06:39,201,1,,,5,3,,4,6,1,5,,2,,,,,,,,1,,,,,,1,,,,,,5,,,,,,,,,,,,,,,light,"JB,SH",,7/13/2023 12:30:54 PM,Colin.Campbell@rspb.org.uk_RSPBEU,7/13/2023 12:30:54 PM,Colin.Campbell@rspb.org.uk_RSPBEU,-62.2236333333333,16.756675
120,b3478e72-769f-461b-9741-7eeac83f4641,5/10/2023 4:00:00 PM,06:53,202,1,,,6,4,,1,7,,12,,,,,1,,,3,,,4,,,,,2,,1,,,,6,,,,,,,,,,,,,,,light,"JB,SH",,7/13/2023 12:30:54 PM,Colin.Campbell@rspb.org.uk_RSPBEU,7/13/2023 12:30:54 PM,Colin.Campbell@rspb.org.uk_RSPBEU,-62.2253083333333,16.7579316666667
121,13dffb02-af91-4ae6-941b-6bfe80ea1b5d,5/10/2023 4:00:00 PM,07:10,203,1,,,9,3,,4,4,3,6,,,2,,,,3,4,,,,2,,,,,,2,,,,3,,,,,,,,,,,,,,,light,"JB,SH",,7/13/2023 12:30:54 PM,Colin.Campbell@rspb.org.uk_RSPBEU,7/13/2023 12:30:54 PM,Colin.Campbell@rspb.org.uk_RSPBEU,-62.225455,16.7592316666667
122,b9dcb949-b9ab-4d22-b02b-234d1459c235,5/10/2023 4:00:00 PM,07:30,204,1,,,7,4,,2,4,3,4,,,,,,1,2,3,,,,,,,,,,3,,,,1,,,,5,,,,,,,,,,,light,"JB,SH",,7/13/2023 12:30:54 PM,Colin.Campbell@rspb.org.uk_RSPBEU,7/13/2023 12:30:54 PM,Colin.Campbell@rspb.org.uk_RSPBEU,-62.2242666666667,16.7593416666667
123,4dbb1bcb-4337-4335-a398-d54ed100ea6e,5/10/2023 4:00:00 PM,08:12,205,1,,,7,2,,3,3,1,3,,,2,,,,,,,,,,1,,,2,,,,,,,,,,1,,,,,,,,,,,light,"JB,SH",,7/13/2023 12:30:54 PM,Colin.Campbell@rspb.org.uk_RSPBEU,7/13/2023 12:30:54 PM,Colin.Campbell@rspb.org.uk_RSPBEU,-62.2149866666667,16.787215
124,14fa476e-5608-4a9d-90cf-a01e5fbfdcea,5/10/2023 4:00:00 PM,08:30,206,1,,,7,2,1,6,9,1,3,,,2,,,,2,2,2,,,,,,,2,,3,,,,,,,,1,,,,,,,,,,,light,"JB,SH",,7/13/2023 12:30:54 PM,Colin.Campbell@rspb.org.uk_RSPBEU,7/13/2023 12:30:54 PM,Colin.Campbell@rspb.org.uk_RSPBEU,-62.2146433333333,16.7865516666667
125,8f4ae707-d0d9-47bd-ae00-3c6f4aa18382,5/10/2023 4:00:00 PM,08:48,207,1,,,4,3,2,,4,,4,1,,,,,1,3,,,,,,1,,,,,,,,,,,,,1,,,,,,,,,,,light,"JB,SH",,7/13/2023 12:30:54 PM,Colin.Campbell@rspb.org.uk_RSPBEU,7/13/2023 12:30:54 PM,Colin.Campbell@rspb.org.uk_RSPBEU,-62.2131316666667,16.7851933333333
126,2fc469f0-c776-4b6d-a234-ed188f25c13f,5/10/2023 4:00:00 PM,09:07,208,1,,,4,2,,4,6,2,2,,,,,,2,,1,1,,,1,,,,,,,,,,,,,,,,,,,,,,,,,moderate,"JB,SH",,7/13/2023 12:30:54 PM,Colin.Campbell@rspb.org.uk_RSPBEU,7/13/2023 12:30:54 PM,Colin.Campbell@rspb.org.uk_RSPBEU,-62.212585,16.783045
127,fa47db86-1290-4e69-9c9e-6a926ca01be1,5/10/2023 4:00:00 PM,09:23,209,1,,,4,2,2,4,7,2,5,,,2,3,,4,,,,,,,,1,,,,,,,,,,,,,,,,,,,,,,,light,"JB,SH",,7/13/2023 12:30:54 PM,Colin.Campbell@rspb.org.uk_RSPBEU,7/13/2023 12:30:54 PM,Colin.Campbell@rspb.org.uk_RSPBEU,-62.211895,16.7834383333333
128,cb9911eb-fe75-40dd-8775-bd547a379457,5/11/2023 4:00:00 PM,06:50,220,1,,,8,2,3,1,5,1,3,,,,,,3,,,,,,,,,,,,,,,,,,,,,,,,,,,,,,,moderate,"JB,SH",,7/13/2023 12:30:54 PM,Colin.Campbell@rspb.org.uk_RSPBEU,7/13/2023 12:30:54 PM,Colin.Campbell@rspb.org.uk_RSPBEU,-62.2010416666667,16.77727
129,35e9c365-4cac-4631-a1b3-f41bb3f780f7,5/11/2023 4:00:00 PM,07:10,221,1,,,12,2,5,4,8,1,2,,2,2,2,,4,,,,,,,,,,,,,,,,,,,,,,,,,,,,,,,moderate,"JB,SH",,7/13/2023 12:30:54 PM,Colin.Campbell@rspb.org.uk_RSPBEU,7/13/2023 12:30:54 PM,Colin.Campbell@rspb.org.uk_RSPBEU,-62.2009766666667,16.7759566666667
130,a6eef01d-84e6-44bd-8aee-d841bd46a7c0,5/11/2023 4:00:00 PM,07:34,222,1,,,10,,9,3,3,1,,2,,1,3,,5,1,,1,,,,,,,,,,,,,,,,,,,,,,,,,,,,calm,"JB,SH",,7/13/2023 12:30:54 PM,Colin.Campbell@rspb.org.uk_RSPBEU,7/13/2023 12:30:54 PM,Colin.Campbell@rspb.org.uk_RSPBEU,-62.2015933333333,16.7746833333333
131,96065143-308b-41e4-85cf-2ee8391bdda6,5/11/2023 4:00:00 PM,07:52,223,1,,,7,2,8,6,8,3,2,3,1,2,1,,3,,1,,,,,,,,,,,,,,,,,,,,,,,,,,,,,calm,"JB,SH",,7/13/2023 12:30:54 PM,Colin.Campbell@rspb.org.uk_RSPBEU,7/13/2023 12:30:54 PM,Colin.Campbell@rspb.org.uk_RSPBEU,-62.20135,16.7738816666667
132,f35677dd-e9f6-40a3-8c66-84fa618e2d5a,5/12/2023 4:00:00 PM,06:54,234,1,,,8,2,2,4,7,2,6,,,1,,2,1,4,,4,,3,,1,,,1,,,,,,,,,,,,,,,,,,,,,calm,"JB,SH",,7/13/2023 12:30:54 PM,Colin.Campbell@rspb.org.uk_RSPBEU,7/13/2023 12:30:54 PM,Colin.Campbell@rspb.org.uk_RSPBEU,-62.1894533333333,16.7903333333333
133,a573a276-6a22-4afe-8903-f62dccf5b17e,5/12/2023 4:00:00 PM,07:13,233,1,,,4,4,2,3,6,2,7,,,,,2,,4,,2,,2,,,,,2,,,,,,,,,,,,,2,,,,,,,,light,"JB,SH",,7/13/2023 12:30:54 PM,Colin.Campbell@rspb.org.uk_RSPBEU,7/13/2023 12:30:54 PM,Colin.Campbell@rspb.org.uk_RSPBEU,-62.1893833333333,16.7915633333333
134,6f40d8d9-30f8-440a-a699-d604cc42a00e,5/12/2023 4:00:00 PM,07:34,231,1,,,8,3,1,5,10,3,3,,,1,,2,,4,2,2,,,,,,1,,,,,,,,,,,,,,2,,,,,,,,light,"JB,SH",,7/13/2023 12:30:54 PM,Colin.Campbell@rspb.org.uk_RSPBEU,7/13/2023 12:30:54 PM,Colin.Campbell@rspb.org.uk_RSPBEU,-62.1899033333333,16.794185
135,d9cc6e3a-68ae-4ce2-8675-c00c99cea398,5/12/2023 4:00:00 PM,07:53,230,1,,,6,3,3,4,6,2,6,,,4,,1,,4,,3,,3,,1,,,3,,,,,,,,,,,,,1,,,,,,,,light,"JB,SH",,7/13/2023 12:30:54 PM,Colin.Campbell@rspb.org.uk_RSPBEU,7/13/2023 12:30:54 PM,Colin.Campbell@rspb.org.uk_RSPBEU,-62.1900033333333,16.79562
136,52cf3d36-0c0b-4521-a488-48e5105a1ebc,5/12/2023 4:00:00 PM,08:23,229,1,,,4,3,,2,12,4,4,,,2,,3,,3,,3,,4,,2,,1,2,,,,,,,,,,,,,1,,,,,,,,light,"JB,SH",,7/13/2023 12:30:54 PM,Colin.Campbell@rspb.org.uk_RSPBEU,7/13/2023 12:30:54 PM,Colin.Campbell@rspb.org.uk_RSPBEU,-62.18623,16.79891
137,301a99f9-26c9-4287-92df-342a98e48077,5/12/2023 4:00:00 PM,08:59,232,1,,,2,1,4,5,3,1,5,,,3,,,1,6,,2,,,,1,1,5,2,,,,,,,,,,,,,2,,,,,,,,light,"JB,SH",,7/13/2023 12:30:54 PM,Colin.Campbell@rspb.org.uk_RSPBEU,7/13/2023 12:30:54 PM,Colin.Campbell@rspb.org.uk_RSPBEU,-62.1893766666667,16.7929533333333
141,d988ad20-44e9-4ceb-9c66-d27366b61666,3/27/2024 12:00:00 PM,13:12,2,2,,,,,,,,,,,,,,,,,,,,,,1,,,1,,,,,,,,,,,,,,,,,,,,,strong,Louise- test,,3/27/2024 1:12:30 PM,Louise.Soanes@RSPB.ORG.UK_RSPBEU,3/27/2024 1:12:30 PM,Louise.Soanes@RSPB.ORG.UK_RSPBEU,-1.2592067,51.9259845
142,6deb79e3-935b-40b5-bd76-94203bf9ef3c,5/1/2024 4:00:00 PM,06:38,220,1,,,4,2,2,3,5,1,2,1,1,,,,1,,1,,,,,,,,,,,,,,,,,,,,,,,,,,,,,light,(JB) (SH),,5/2/2024 2:04:54 PM,,5/2/2024 2:04:54 PM,,-62.2009866666667,16.7772483333333
143,d2fe1faa-0aa2-40d5-a4f2-de4e008daf59,5/1/2024 4:00:00 PM,07:04,221,1,,,6,1,1,3,4,1,2,2,1,,,,1,,,,,,1,,,,,,,,,,,,,,,,,,,,,,,,,calm,(JB) (SH),,5/2/2024 2:04:55 PM,,5/2/2024 2:04:55 PM,,-62.20103,16.7758716666667
144,417c1d54-9116-446c-b236-a3e4e59ea458,5/1/2024 4:00:00 PM,07:31,222,1,,,10,2,4,3,8,2,3,2,1,1,2,,2,,2,,,,,,,,,,,,,,,,,,,,,,,,,,,,,calm,(JB) (SH),,5/2/2024 2:04:56 PM,,5/2/2024 2:04:56 PM,,-62.2016983333333,16.7747016666667
145,669c2a7a-754b-41f8-b3a2-4e9b25b8456f,5/1/2024 4:00:00 PM,07:56,223,1,,,4,2,2,2,3,1,2,3,1,1,1,,2,,2,,,,,,,,,,,,,,,,,,,,,,,,,,,,,calm,(JB) (SH),,5/2/2024 2:04:57 PM,,5/2/2024 2:04:57 PM,,-62.2013616666667,16.7738316666667
146,67ff20c5-2baa-4121-855a-0a86e480a1b6,5/2/2024 4:00:00 PM,06:33,201,1,,,5,3,3,2,5,1,5,,1,,,,,1,2,,,,,1,,,,,,,,,3,,,,1,,,,,,,,,,,calm,(SH) (JB),,5/2/2024 2:04:58 PM,,5/2/2024 2:04:58 PM,,-62.2235683333333,16.756655
147,89e5a133-3f6d-4041-bf20-90d359af66f3,5/2/2024 4:00:00 PM,06:53,202,1,,,4,2,,,5,1,7,,,,,,,4,2,,,4,1,,,,1,,,,,,4,,,,,,,5,,,,,,,,light,(SH) (JB),,5/2/2024 2:04:59 PM,,5/2/2024 2:04:59 PM,,-62.22533,16.757995
148,8a00f219-e725-4558-821e-276d29d09570,5/2/2024 4:00:00 PM,07:13,203,3,40,,5,2,,2,1,,4,,,1,,,,,1,,,,1,,,,,,,,,,1,,,,,,,,,,,,,,,light,(SH) (JB),,5/2/2024 2:05:01 PM,,5/2/2024 2:05:01 PM,,-62.2254083333333,16.7592066666667
149,349c8a35-97ac-45fa-9dce-d0f9a571beff,5/2/2024 4:00:00 PM,07:36,204,1,,There was equipment in use near to this point . Jack hammer ,4,1,,,4,,5,,,,,,,3,1,,,,,,,,,,,,,,,,,,,,,,,,,,,,,light,(SH) (JB),,5/2/2024 2:05:02 PM,,5/2/2024 2:05:02 PM,,-62.2242333333333,16.7593
150,f39b178f-c20e-4a53-9e32-601311863052,5/2/2024 4:00:00 PM,08:21,205,1,,,6,2,1,3,6,,3,,,,,,,,1,1,,2,,1,,,,,,,,,,,,,,,,,,,,,,,,calm,(SH) (JB),,5/2/2024 2:05:04 PM,,5/2/2024 2:05:04 PM,,-62.214765,16.7867466666667
151,0822d8e3-386a-486b-a82b-942478860e23,5/2/2024 4:00:00 PM,08:45,206,1,5,,2,3,,1,3,,2,,,,,,,,,,,,,,,,,,,,,,,,,,,,,,,,,,,,,calm,(SH) (JB),,5/2/2024 2:05:05 PM,,5/2/2024 2:05:05 PM,,-62.213955,16.7855433333333
152,881bb1f0-3f4d-4ba8-88ad-5f21fff6022d,5/2/2024 4:00:00 PM,09:07,207,1,2,,4,2,,2,4,,,,,,,,,,,,,,,,,,,,,,,,,,,,,,,,,,,,,,,calm,(SH) (JB),,5/2/2024 2:05:06 PM,,5/2/2024 2:05:06 PM,,-62.2126466666667,16.7849
153,a1ef78e1-0bc9-4686-a8c5-2a72d6d66186,5/2/2024 4:00:00 PM,09:32,208,1,,,4,1,1,1,3,,1,,,,1,,,,1,,,,1,,,,,,,,,,,,,,,,,,,,,,,,,light,(SH) (JB),,5/2/2024 2:05:07 PM,,5/2/2024 2:05:07 PM,,-62.2127266666667,16.7830183333333
154,8f55648c-187a-474f-bd06-133ec6fb68c5,5/2/2024 4:00:00 PM,09:53,209,1,,There was water running in solider ghuat this year ,,1,1,2,2,,1,,,,,,1,3,1,,,,,,,,,,,,,,,,,,,,,,,,,,,,,calm,(SH) (JB),,5/2/2024 2:05:08 PM,,5/2/2024 2:05:08 PM,,-62.2120183333333,16.7834033333333
155,cc7328a7-2c56-46ff-8e1f-8eaffb5c39a7,5/3/2024 4:00:00 PM,07:11,234,1,,,4,2,1,3,3,1,3,,,,,1,,2,,1,,,,,,1,,,,,,,,,,,1,,,,,,,,,,,calm,(JB)  (SH),,5/3/2024 4:29:23 PM,,5/3/2024 4:29:23 PM,,-62.1894383333333,16.790315
156,d2cd1bef-5f28-416d-9a0f-8cac8ac39bcb,5/3/2024 4:00:00 PM,07:31,233,1,,,2,2,,2,3,1,4,,,,,,,,2,2,,,,,,,,,,,,,,,,,3,,,,,,,,,,,calm,(JB)  (SH),,5/3/2024 4:29:24 PM,,5/3/2024 4:29:24 PM,,-62.1894066666667,16.7915633333333
157,678b4291-40c7-477b-baaa-120dd34bd415,5/3/2024 4:00:00 PM,07:57,231,1,,,4,,,,3,,3,,1,,,1,,4,,2,,,,,2,,1,,,,,,,,,,1,,,,,,,,,,,calm,(JB)  (SH),,5/3/2024 4:29:26 PM,,5/3/2024 4:29:26 PM,,-62.1899516666667,16.7941933333333
158,5da90694-cb5f-42d1-99a3-a61dc9c9c8d7,5/3/2024 4:00:00 PM,08:21,230,1,,,2,1,,,3,2,3,,1,2,,1,,3,2,,,1,1,3,,,2,,,,,,,,,,1,,,,,,,,,,,calm,(JB)  (SH),,5/3/2024 4:29:26 PM,,5/3/2024 4:29:26 PM,,-62.1900883333333,16.79565
159,c43b9c2c-ccd8-44a8-bd01-bcce0f18df08,5/3/2024 4:00:00 PM,09:01,229,2,,,2,2,,1,7,1,3,,,,,2,,1,,3,,4,1,4,,,1,,,,,,,,,,,,,,,,,,,,,light,(JB)  (SH),,5/3/2024 4:29:27 PM,,5/3/2024 4:29:27 PM,,-62.1861933333333,16.7989833333333
160,d8b2a404-bcd2-4506-89df-b5389173cceb,5/3/2024 4:00:00 PM,09:46,232,1,,,5,1,,2,3,1,3,,,,,1,,2,,2,,,2,,,,1,,,,,,,,,,1,,,,,,,,,,,calm,(JB)  (SH),,5/3/2024 4:29:29 PM,,5/3/2024 4:29:29 PM,,-62.189415,16.7929233333333
161,bf3f44b3-e2ac-4fae-b752-3737b278d669,5/7/2024 4:00:00 PM,06:09,224,1,,,6,2,,1,9,1,2,,,,2,,,,,2,,,,,,,,,,,,,,,,,,,,,,,,,,,,light,"Tavis Weekes, Llotese Martin",,5/7/2024 1:30:45 PM,,5/7/2024 1:30:45 PM,,-62.2077233333333,16.79261
162,af09e09c-0219-44b7-9373-d5389cb49c4b,5/7/2024 4:00:00 PM,06:29,225,1,,,5,2,,1,4,,1,,,,,,,,,,1,,,1,,,,,,,,,,,,,,,,,,,,,,,,light,"TW, LM",,5/7/2024 1:30:47 PM,,5/7/2024 1:30:47 PM,,-62.2076216666667,16.791375
163,042fe571-63b0-4be6-97ee-47307ce5c773,5/7/2024 4:00:00 PM,06:49,226,1,,,6,2,,1,7,,2,,,,1,,,,,,,,,,,,,,,,,,,,,,,,,,,,,,,,,light,"TW, LM",,5/7/2024 1:30:48 PM,,5/7/2024 1:30:48 PM,,-62.20621,16.7903516666667
164,5a966a5e-7426-4386-bdbe-a04bc44f3bb4,5/7/2024 4:00:00 PM,07:09,227,1,,,4,2,,1,4,,2,,,,,,,,,1,,,,,,,,,,,,,,,,,,,,,,,,,,,,light,"TW, LM",,5/7/2024 1:30:49 PM,,5/7/2024 1:30:49 PM,,-62.20466,16.7900083333333
165,851e6f29-83bb-41d3-8e21-918a0d704957,5/7/2024 4:00:00 PM,08:17,228,1,,,7,,,,2,,2,,,,,,,,,2,,,,,,,,,,,,,,,,,,,,,,,,,,,,light,"TW, LM",,5/7/2024 1:30:50 PM,,5/7/2024 1:30:50 PM,,-62.2033966666667,16.789115
166,04905c42-7a11-4ac2-a6b9-b9d736be4171,5/8/2024 4:00:00 PM,05:57,215,1,,,2,2,3,,5,,2,,,,1,,,,,,,,,,,,,,,,,,,,,,,,,,,,,,,,,calm,"CF, TW",,5/8/2024 1:09:14 PM,,5/8/2024 1:09:14 PM,,-62.18366,16.7853633333333
167,63bc8cac-a62c-4ab5-9703-e374fb94679a,5/8/2024 4:00:00 PM,06:17,216,1,,,2,,2,,5,,2,,,,1,,,,,,1,,,1,,,,,,,,,,,,,,,,,,,,,,,,calm,"CF, TW",,5/8/2024 1:09:16 PM,,5/8/2024 1:09:16 PM,,-62.1835166666667,16.7843383333333
168,540add97-27b2-4c66-967d-ce5c292c43a7,5/8/2024 4:00:00 PM,06:36,217,1,,,6,2,3,1,1,,2,,,1,,,,,,1,,,,,,,,,,,,,,,,,,,,,,,,,,,,calm,"CF,TW",,5/8/2024 1:09:16 PM,,5/8/2024 1:09:16 PM,,-62.1844233333333,16.7830666666667
169,1d2a41d8-1142-4643-af7d-79ba8628132e,5/8/2024 4:00:00 PM,06:54,218,1,,,5,1,,2,3,,2,,,,1,,,,,,,,,,,,,,,,,,,,,,,,,,,,,,,,,light,"CF,  TW",,5/8/2024 1:09:17 PM,,5/8/2024 1:09:17 PM,,-62.1854216666667,16.7818866666667
170,e58f980d-296d-4c55-9a86-58658952c04d,5/8/2024 4:00:00 PM,07:16,219,1,,,3,2,1,1,2,,3,,1,1,1,,,,,,,,,,,,,,,,,,,,,,,,,,,,,,,,,calm,"CF, TW",,5/8/2024 1:09:18 PM,,5/8/2024 1:09:18 PM,,-62.1848433333333,16.7807716666667
171,9852c6d4-97c2-4825-8937-d1f3d7d0f1d7,5/7/2024 4:00:00 PM,06:39,238,1,,,4,3,,,,,,,,,,,,2,,1,,,,,,,,,,,,,,,,,,,,,,,,,,,,moderate,"LM, CF",,5/8/2024 4:48:37 PM,,5/8/2024 4:48:37 PM,,-62.1887483333333,16.8131266666667
172,9896dc55-f139-40b4-9fd1-4bedf4a8b722,5/7/2024 4:00:00 PM,07:00,237,1,,,3,1,1,1,3,2,,,,,,,,2,,1,,,,,,,,,,,,,,,,,,,,,,,,,,,,calm,"LM, CF",,5/8/2024 4:48:39 PM,,5/8/2024 4:48:39 PM,,-62.1900283333333,16.8134916666667
173,16275bd8-3302-4735-9ee4-5892f9840924,5/7/2024 4:00:00 PM,07:17,236,1,,,3,2,1,1,2,,2,,,1,,,,1,,,,,,,,,,,,,,,,,,,,,,,,,,,,,,calm,"LM, CF",,5/8/2024 4:48:40 PM,,5/8/2024 4:48:40 PM,,-62.1908133333333,16.8129016666667
174,a1a7629b-655c-4713-95fc-9fa690b83eb7,5/7/2024 4:00:00 PM,07:39,235,1,,,1,1,2,,2,1,2,,,,,1,,2,2,1,,,,,,,,,,,,,,,,,,,,,,,,,,,,calm,"LM,CF",,5/8/2024 4:48:40 PM,,5/8/2024 4:48:40 PM,,-62.1903933333333,16.8122216666667
175,2a946130-fafe-4609-880d-4c84ba4d45ba,5/8/2024 4:00:00 PM,06:06,210,1,,,4,3,1,,3,1,2,,,,,,,,,,,,,,,,,,,,,,,,,,,,,,,,,,,,,calm,"LM, Llotese Martin",,5/8/2024 4:48:42 PM,,5/8/2024 4:48:42 PM,,-62.1774383333333,16.77807
176,a6e45fed-368d-405f-bafe-3c57cd6ff75b,5/8/2024 4:00:00 PM,06:27,211,1,,,2,1,,3,4,,2,,,,,,,,,1,,,,,,,,,,,,,,,,,,,,,,,,,,,,calm,"LM,Llotese Martin",,5/8/2024 4:48:43 PM,,5/8/2024 4:48:43 PM,,-62.1786833333333,16.7774833333333
177,0b5ac287-b114-4975-a6a4-be3b13bd207a,5/8/2024 4:00:00 PM,06:44,212,1,,,3,2,,2,3,,2,2,,,,,,,,,,,,,,,,,,,,,,,,,,,,,,,,,,,,calm,"LM,Llotese Martin",,5/8/2024 4:48:44 PM,,5/8/2024 4:48:44 PM,,-62.1798933333333,16.776635
178,cfc9c05c-ed2d-4b2f-96cf-fb0eee31b317,5/8/2024 4:00:00 PM,07:02,213,1,,,4,2,,1,3,,,,,,,,,,,,,,,,,,,,,,,,,,,,,,,,,,,,,,,calm,"LM,Llotese Martin",,5/8/2024 4:48:45 PM,,5/8/2024 4:48:45 PM,,-62.1800566666667,16.7752633333333
179,d7f6a566-15b6-4684-9827-fb5c885c3634,5/8/2024 4:00:00 PM,07:21,214,1,,,5,3,,2,3,,4,,,,,,,,1,,,,,,,,,,,,,,,,,,,,,,,,,,,,,calm,"LM,Llotese Martin",,5/8/2024 4:48:46 PM,,5/8/2024 4:48:46 PM,,-62.179335,16.774715
